{"schemaVersion":"1.0","appDefinitionTemplate":{"id":"/providers/Microsoft.PowerApps/apps/","type":"Microsoft.PowerApps/apps","tags":{"primaryDeviceWidth":"640","primaryDeviceHeight":"1136","sienaVersion":"20210531T023820Z-3.21053.21.0","deviceCapabilities":"webcam","supportsPortrait":"true","supportsLandscape":"false","primaryFormFactor":"Phone","publisherVersion":"3.21053.21","minimumRequiredApiVersion":"2.2.0","hasComponent":"false","hasUnlockedComponent":"false","isUnifiedRootApp":"false"},"properties":{"appVersion":"2021-05-31T02:38:20Z","lifeCycleId":"Published","createdByClientVersion":{"major":3,"minor":21053,"build":21,"revision":0,"majorRevision":0,"minorRevision":0},"minClientVersion":{"major":3,"minor":21053,"build":21,"revision":0,"majorRevision":0,"minorRevision":0},"backgroundColor":"rgba(0, 176, 240, 1)","backgroundImageUri":"/17157424972197667541/Na5ae387c-318f-4168-b92e-aecaa4047bfb-logoSmallFile","displayName":"Ambiental 5","description":"","commitMessage":"","appUris":{"documentUri":{"value":"/17157424972197667541/N38e708fd-beaf-43c3-8d9f-d9297738c51e-document.msapp"},"imageUris":[]},"createdTime":"0001-01-01T00:00:00Z","lastModifiedTime":"0001-01-01T00:00:00Z","sharedGroupsCount":0,"sharedUsersCount":0,"icons":{"smallIconUri":"/17157424972197667541/N96a14e20-ae33-4238-a1d1-fb7517b12582-small.png","mediumIconUri":"/17157424972197667541/N9f982d03-be8d-480d-bc70-c8324e91b1fe-medium.png","largeIconUri":"/17157424972197667541/N44b0678b-98da-488b-b8cf-2ac803652212-large.png","wideIconUri":"/17157424972197667541/N6d162bf6-d7c0-4313-8d2e-bc7866e4d1a3-wide.png"},"connectionReferences":{"b4151b05-e702-4836-b53d-bba04267f781":{"id":"3a6e26b3-c537-4916-b71f-73114accde90","displayName":"Serviços Espaciais","iconUri":"https://connectoricons-prod.azureedge.net/releases/v1.0.1464/1.0.1464.2404/microsoftspatialservices/icon.png","dataSources":["ServiçosEspaciais"],"dependencies":[],"dependents":[],"parameterHints":{},"isOnPremiseConnection":false,"bypassConsent":false,"dataSets":{},"apiTier":"Premium","isCustomApiConnection":false}},"databaseReferences":{"default.cds":{"databaseDetails":{"referenceType":"Environmental","environmentName":"default.cds","overrideValues":{"status":"NotSpecified"}},"dataSources":{"CNJ":{"entitySetName":"cre92_cnjs","logicalName":"cre92_cnj"},"Organizations":{"entitySetName":"organizations","logicalName":"organization"}}}},"almMode":"Environment","performanceOptimizationEnabled":true,"canConsumeAppPass":true,"executionRestrictions":{"isTeamsOnly":false,"dataLossPreventionEvaluationResult":{"status":"Compliant","lastEvaluationDate":"2021-05-31T02:06:52.2171009Z","violations":[],"violationsByPolicy":[],"violationErrorMessage":"O aplicativo usa os seguintes conectores: shared_commondataservice."}}},"appType":"ClassicCanvasApp","appComponents":[]}}